start	end	text
0	4000	Imagine, um, like a city engineer just sitting at their computer, right?
4040	4220	Right.
4360	5720	Just doing their normal daily job.
5960	6640	Yeah, exactly.
7180	12620	They're writing this tiny, seemingly harmless software shortcut to control the crosswalk
12620	14580	button at some local intersection.
14820	16540	Just saving a few lines of code, they think.
16600	16880	Exactly.
17040	18360	In their mind, it's just efficiency.
18760	19020	Yeah.
19280	24080	But mathematically speaking, they are physically destroying a piece of the future.
24580	28120	Which sounds completely absurd until you look at the math.
28220	28540	Right.
28540	32540	I mean, they are literally taking a reality where a pedestrian gets to cross the street
32540	37420	and they are erasing it from the universe, just trapping that person on the sidewalk indefinitely.
38120	38160	Yeah.
38320	42480	And the craziest part about this is that this kind of invisible destruction, it happens
42480	43480	every single day.
43680	44980	Every single day.
45060	50060	In the algorithms we use, the words we speak, the way we label our own lives.
50320	55560	So today we are going on a deep dive into the invisible geometry of your choices.
56280	57780	Welcome to the deep dive, everyone.
57780	63440	We are looking at a fascinating, just remarkably dense text from 2026.
63620	67460	Yeah, it's called Generative Continuation Geometry by an author named Flyxion.
67780	72980	And to really grasp what this book is doing, you have to picture a shifting digital blueprint.
73340	73540	Right.
73620	78000	Because the sheer scale of what we are dealing with today is staggering.
78340	79100	It really is.
79100	84780	Imagine this vast, like, branching maze of topological pathways.
84780	89660	Every state you are in, every single moment of your life is a node.
89900	90920	Just a point on a map.
90920	91600	Exactly.
92040	97180	And exploding out of that node are all the possible things that could happen next based
97180	99080	on the rules of whatever system you are in.
99400	101340	And the book claims to be about generation, right?
101420	102640	Like, building those futures.
102900	103560	That's the title, yeah.
103620	106880	But the deeper you get into the math, you realize that's almost a bait and switch.
107120	107820	It totally is.
107860	111660	It's actually a master class in how information and possibilities are lost.
111660	114040	Yeah, it is the ultimate irony of the text.
114560	119880	It's a framework for generating reality that actually spends all its time showing how futures
119880	120400	collapse.
120620	122500	So our mission today is to decode this.
122660	129780	We are going to explore how futures are mathematically built, how they branch, and how easily your future
129780	133980	potential is erased, mislabeled, or constrained without you ever even knowing it.
134620	140060	But to understand that collapse, you know, to really see the walls closing in, we have to
140060	141760	start with the foundational mechanics.
142040	144740	We have to understand how a future is built from scratch.
144980	145220	Right.
145860	152000	And the text grounds this incredibly dense math in a surprisingly beautiful natural image.
152200	153280	The growth of a fern.
153600	153900	Yes.
154640	161220	The fern frond is the quintessential illustration of what Flyxion calls a continuation attractor.
161520	164340	Which sounds like a sci-fi term, but it's really elegant.
164580	164980	It is.
164980	170440	If you walk into a forest and look at a frame, you have to realize that nature didn't draw
170440	172140	that plant leaf by leaf.
172500	172820	Right.
172900	174220	There's no tiny artist in there.
174360	174680	Exactly.
174940	181300	It doesn't have this massive complex blueprint stored in its DNA detailing the exact coordinates
181300	182920	of every single jagged edge.
183080	189000	Because if you look closely at one little leaflet on that fern, a pinna, I think it's called,
189200	192340	it looks almost exactly like a miniature version of the whole fern.
192420	192840	It does.
192840	196920	And if you zoom in on a sub-leaflet of that one, it's just a smaller fern again.
196960	198400	It's fractals all the way down.
198540	198740	Right.
198900	202860	Which means the final shape is not a static file being loaded into reality.
203240	204340	It is an active process.
204660	206740	A process that's running constantly.
207100	207560	Exactly.
207860	212840	A very small set of growth rules is being applied over and over again to its own output.
213020	215960	So mathematically, how does the book describe this?
216160	221980	The text uses a concept known as the Hutchinson operator to explain how this mechanism works.
221980	222660	Okay.
222740	223780	The Hutchinson operator.
224040	224260	Yeah.
224440	226800	And this is where the geometry gets really fascinating.
227200	230300	Because the Hutchinson operator doesn't act on numbers.
230960	233560	It acts on the space of shapes itself.
234560	234820	Okay.
234900	238360	Let me slow us down there for a second because that sounds like a paradox to me.
238540	238860	How so?
238860	243720	Well, how do you perform mathematical operations on a space of shapes?
243980	247120	I mean, if I have an equation, I plug in a number, I get a number back.
247200	249800	How do you plug in a shape and measure what comes back?
250060	252680	You measure it using something called the Hausdorff distance.
252900	253860	The Hausdorff distance.
254000	254220	Okay.
254460	255200	Paint a picture for me.
255300	255460	Sure.
256400	259420	Imagine you draw two completely different messy scribbles.
259700	260880	Just random lines.
260900	261040	Yeah.
261060	264060	Totally random scribbles on two pieces of transparent plastic.
264240	264520	Mm-hmm.
264640	266260	You overlay them on top of each other.
266300	266480	Okay.
266520	268460	I have my two transparent sheets.
268460	268800	Okay.
268860	274660	To find the Hausdorff distance, you find the point on the first scribble that is the absolute
274660	277120	furthest away from any part of the second scribble.
277200	279220	So the biggest gap between the two drawings.
279240	279600	Exactly.
279760	280600	Then you reverse it.
281000	284120	You find the point on the second scribble furthest from the first.
284180	284460	Okay.
284580	285080	That makes sense.
285260	288520	The larger of those two distances is your Hausdorff metric.
288900	289600	Oh, I see.
289600	294940	It is a strict mathematical way of asking, like, what is the worst case scenario for how
294940	296600	mismatched these two shapes are?
296600	301160	So, if the Hausdorff distance is large, the shapes are completely different.
301320	301560	Right.
301820	305640	And if it shrinks down to zero, the shapes are functionally identical.
306080	306540	Precisely.
306860	308920	And that's exactly the mechanic we need here.
309040	313680	Because the rules that build a fern, these Hutchinson operators we mentioned, they have
313680	315120	a very specific requirement.
315500	315960	What's that?
316060	318680	They have to be what the text calls contractions.
318680	322840	This means they must have a Lipschitz constant of less than one.
323040	323060	Okay.
323100	325520	I'm definitely going to need a translation on Lipschitz constant.
325880	327820	Think of it as a speed limit on stretching.
328040	329080	A speed limit on stretching.
329160	329380	Okay.
329700	329940	Right.
330360	335560	If a rule has a Lipschitz constant of less than one, it means that no matter what you
335560	340560	put into the rule, the output will always bring the points closer together than they
340560	341240	were before.
341500	343900	So it shrinks the distance between any two points.
343900	344380	Exactly.
344680	347660	Every time you apply the rule, the overall shape contracts.
348060	349280	So the shrinking is the engine.
349620	349880	Yes.
350100	354960	If the rules are always contracting the space, bringing things tighter and tighter together,
355220	361780	they are going to predictably, unavoidably converge into a specific self-similar shape.
361880	362880	Which is the attractor.
363240	363660	Wow.
364180	365260	Okay, that's brilliant.
365620	368920	And here's the truly mind-bending part about these contracting rules.
368980	369640	Lay it on me.
369940	372460	The starting shape is completely irrelevant.
372460	373180	Wait, really?
373500	374340	Completely irrelevant.
374600	374980	Completely.
375340	376660	You can start with a perfect square.
376840	378340	You can start with a photograph of a cat.
378360	378840	A cat.
379040	379480	Seriously.
379840	385480	If you apply the fern-making rules to the picture of the cat, measure the result, apply
385480	388340	the rules again, and just keep iterating.
388460	389460	It turns into a fern.
389460	394000	The shape will contract, fold, and morph until it becomes the fern.
394680	399320	The destination is entirely determined by the rules, not the starting material.
399840	400660	I love that.
400740	402420	It actually makes me think about baking.
402420	403420	Baking?
403420	404240	How so?
404240	409360	Well, there is a massive difference between maintaining a sourdough starter and trying
409360	412860	to bake a very specific loaf of bread from a recipe.
413040	413400	Oh, right.
413460	416140	Because a recipe is just a linear set of instructions.
416300	416760	Exactly.
417200	419720	With the recipe, you are aiming for a final shape.
420060	424500	But with the sourdough starter, you aren't storing the final shape of the loaf in the jar
424500	425300	in your fridge.
425300	426880	You're just keeping the yeast alive.
427040	427200	Yeah.
427280	431040	You're just maintaining a very simple set of biological rules for the yeast.
431640	432320	Feed it flour.
432520	433100	Feed it water.
433240	433820	Keep it warm.
434020	435640	You aren't forcing the complexity.
435840	438940	The complexity generates itself based on those underlying rules.
439080	439320	Right.
439520	444960	And the book draws a very hard line here between true generation, which is what your sourdough
444960	447560	starter is doing, and mere accumulation.
447920	449740	What's accumulation in this context?
449740	452220	The accumulation is just growth without an attractor.
452980	456180	It is, um, it's like spilling water on a linoleum floor.
456280	457180	It just goes everywhere.
457560	457760	Yeah.
457900	462580	The water just spreads out boundlessly, getting bigger and messier without any underlying plan.
462720	465180	Whereas true generation zeroes in on something.
465340	465760	Exactly.
466100	471820	True generation, driven by these mathematical contractions, zeroes in on a specific, infinitely
471820	472900	detailed destiny.
473240	477900	But mathematically, how do we know the shape doesn't just shrink into a single microscopic
477900	478480	dot?
478480	479780	That's a great question.
479920	484620	I mean, if the rules are constantly contracting the space, bringing everything closer, why
484620	486960	doesn't the fern just collapse into nothingness?
487460	492700	We have to thank a piece of math called the Banach Fixed Point Theorem for that guarantee.
492960	494320	The Banach Fixed Point Theorem.
494420	494620	Yeah.
494920	499080	The theorem essentially proves that if you are operating within a complete metric space,
499560	503040	a contracting rule will always hit a unique solid fixed point.
503260	504080	It won't disappear.
504500	506780	And a complete metric space means what, exactly?
506780	508860	Like, a space with no holes in it.
509100	510700	That's a perfect way to visualize it.
510820	513660	Imagine you have a universe where only fractions are allowed to exist.
513780	515840	No decimals, no irrational numbers.
515900	517060	Okay, just pure fractions.
517520	517740	Right.
518120	524260	If you have a sequence of numbers in that universe that is mathematically creeping closer and
524260	526060	closer to the square root of two...
526060	527140	Which isn't a fraction.
527540	527980	Exactly.
528280	528520	Yeah.
528640	532920	In that fraction-only universe, the sequence will eventually fall into a void.
533040	536380	It'll hit a hole because the square root of two isn't allowed to exist there.
536480	537540	The limit doesn't exist.
537660	537840	Right.
537840	540840	But a complete metric space has no holes.
541320	546760	It guarantees that if a sequence is contracting and honing in on a destination, the destination
546760	549460	actually exists in reality to catch it.
549680	554300	So Affliction is saying that reality, or at least the continuation space of these futures,
554840	555480	is complete.
555820	556140	Yes.
556280	557460	It catches the complexity.
557620	559300	It doesn't just let the future fall through a hole.
559440	560240	No, it doesn't.
560240	565780	And the text unifies all of this under a single vocabulary called continuation operators.
566260	567340	Continuation operators.
567540	567720	Yeah.
568000	572520	Whether a rule is shrinking things down to build a fractal fern or stretching things out
572520	575920	into the future, it's all governed by the same mathematical grammar.
576120	580340	Which naturally leads to the most provocative question in this entire framework, I think.
580520	581400	The reverse engineering.
581560	582060	Yes.
582940	588920	We know that simple rules can generate a massively complex future, but can we run the machine
588920	589460	in reverse?
589460	590180	Right.
590260	592940	This is known in the text as the collage theorem.
593060	594000	The collage theorem.
594060	598540	If you have a target shape like a highly specific complex future that you desperately
598540	604200	want to achieve, can you find the exact tiny set of rules required to build it?
604520	607240	Basically, can we reverse engineer destiny?
607500	608720	And the text proves that.
609120	610220	Mathematically, yes.
610380	610580	Right.
610740	615980	We can approximate any compact target future we want using a custom built set of rules.
616060	618700	So we can literally design our own future rules.
618700	623020	We can build a collage of transformations that gets us arbitrarily close to the desired
623020	623460	outcome.
623580	623720	Okay.
623800	624300	I love that.
624340	626060	But there is a massive caveat coming.
626160	627120	I can hear it in your voice.
627200	627280	Yeah.
627360	627580	You can.
627680	632100	The caveat is what Flyxion leaves open as the universal generation conjecture.
632420	633640	Universal generation.
633640	636800	We know we can custom build a set of rules for one specific target.
636900	637040	Yeah.
637040	643240	But can we find one single universal toolkit of rules chosen in advance that can approximate
643240	646700	absolutely any target future just by combining them in different ways?
646820	647300	Oh, wow.
647360	648580	Like an alphabet of reality.
648980	650200	That's a really good way to put it.
650240	652420	I mean, we have 26 letters in the English alphabet.
652420	658480	And with those fixed rules, we can generate any novel, any poem, any instruction manual ever
658480	658920	conceived.
659180	659580	Exactly.
659580	664860	So the text is asking if there is a fundamental alphabet of choices that can spell out every
664860	666620	possible mathematical future.
666960	667200	Yes.
667720	670120	And the text admits this is an unsolved problem.
670780	673520	It's the holy grail of continuation geometry.
674340	677820	Can one fixed set of operators build everything?
678140	682600	Or do different futures require fundamentally different physics to even approach them?
682780	683700	We just don't know yet.
683700	688640	I want you, the listener, right now, to really apply this to your own life.
689260	690660	Look at your daily habits.
690800	691720	That's a great exercise.
691880	694320	Are the things you do every day generative rules?
694760	699400	Are they little consistent contractions that are predictably mathematically pulling you
699400	701920	toward a complex, self-similar future?
702120	704240	Or are your days just boundless accumulation?
704680	704960	Right.
705120	709440	Are you just spilling water on the floor, piling up random actions with no attractor, pulling
709440	710260	them into a shape?
710260	715640	Because if you view your habits as Hutchinson operators, your daily routine isn't just
715640	716600	a schedule anymore.
717040	718900	It is the geometry of your future.
719280	722280	It recasts your entire life as an active state space.
722420	727320	So we've established how a single set of rules branches out to create a massive future,
727440	727600	right?
728000	732140	We start with a seed, we apply the operators, we get the intricate fern.
732320	732600	Right.
732860	734780	But what happens when the opposite occurs?
734780	740020	What happens when two entirely different starting points, two completely different
740020	744020	sets of rules, end up converging on the exact same future?
744400	746560	That is where the math gets a bit unforgiving.
747580	750880	The text handles this by introducing continuation quotients.
751020	752140	Continuation quotients.
752360	752500	Yeah.
752620	756140	And to visualize this, Flyxion gives us the analogy of the two rivers.
756380	757660	I love this analogy.
757700	758500	It's so clear.
758960	764440	Imagine two rivers rising on completely opposite sides of a massive mountain range.
764440	764640	Okay.
764760	765620	Two different origins.
766080	767260	They carve through different rock.
767400	768940	They cross totally different terrains.
769100	770480	They host different ecosystems.
770920	772380	They share absolutely no history.
772580	772980	None at all.
773240	776940	But eventually, down the valley, they arrive at the exact same confluence.
777260	779500	They merge into a single massive river.
779780	785260	And once that water merges, everything about its separate history becomes totally irrelevant.
785560	785980	Exactly.
786260	791880	If I launch a boat downstream of that confluence, the boat cannot tell which branch the water
791880	792800	underneath it came from.
793020	793920	It has no idea.
793920	795460	The history hasn't been hidden.
795820	799280	It has just ceased to matter to the physical reality of the boat.
799760	802880	The futures of those two rivers are now perfectly identical.
803460	807980	And mathematically, the book defines this as gamma equivalents.
808100	809000	Gamma equivalents.
809020	812140	It's written with a little tilde symbol and a subscript gamma.
812340	813660	Oh, like the squiggly line.
813840	814680	Right, the squiggly line.
814680	820180	And if you have two different paths or states and their massive branching trees of possible
820180	823820	futures are perfectly identical, those states are gamma equivalent.
823820	826620	So they share the exact same continuation space.
826780	827000	Yes.
827320	833260	And to really drive home the consequences of this, the book dives into a brilliant, highly
833260	835140	specific engineering example.
835780	836540	The traffic light.
836660	836920	Yes.
837180	840420	This is the exact scenario I mentioned at the very start of the deep dive.
840420	841540	That's such a good example.
841540	844600	This is where the math gets incredibly tangible.
844740	849200	And honestly, a little frustrating when you realize how often we build things this way.
849400	849520	Yeah.
849600	853100	So imagine a standard traffic light at a pedestrian crosswalk.
853380	855120	It has a cycle of four phases.
855500	858120	Let's label them zero, one, two, and three.
858260	858480	Okay.
858580	859120	Zero to three.
859360	860560	Phase zero is the red light.
861040	864760	The other phases are green, yellow, whatever it takes to manage the cars.
864880	865080	Right.
865080	870900	Now, the system also has a tiny piece of memory, a pending pedestrian request bit.
871100	872480	Just a simple computer bit.
872600	872900	Exactly.
873140	874340	It's just a zero or a one.
874580	877020	A zero means no one has pushed the crosswalk button.
877680	881340	A one means someone has pushed the button, and the system knows a human is waiting to cross.
881740	882000	Okay.
882120	885420	Let's look at the correct optimal design for this machine first.
885680	886440	The good engineer.
886640	886940	Right.
887580	891780	The proper way to program this light is to clear the pedestrian request, resetting the
891780	895580	bit from a one back to a zero, exactly on arrival at the red light.
895680	895820	Right.
895880	896740	The moment it transitions.
896960	899560	The absolute millisecond the light transitions into phase zero.
899700	902640	The red light, the system says, okay, the crosswalk is now active.
903060	906080	Pedestrians can walk, so I can clear the memory of the button press.
906420	907560	That makes perfect sense.
907920	908960	The future arrived.
909400	913020	But what if a lazy engineer writes the software differently?
913180	914820	And this is where it all goes wrong.
915060	920880	What if, instead of clearing the memory on a specific transition to red, they just write
920880	921760	a blanket rule.
921960	922480	Like what?
922580	927560	A rule that says, whenever the light is red, clear the request bit.
927680	927960	Okay.
928160	930040	Honestly, that sounds almost identical.
930380	932200	If the light is red, clear the bit.
932320	934220	Why is that mathematically destructive?
934620	936740	Because of how it merges states prematurely.
936820	937000	Yeah.
937120	939140	Think about being stopped at that intersection.
939320	939580	Okay.
939580	946300	If the lazy rule is running, the system constantly forces the pending request memory to zero for
946300	947840	the entire duration of the red light.
947900	948060	Right.
948100	949780	Because it's checking and saying, is it red?
949900	950160	Yes.
950160	950880	Make it zero.
951160	951820	Over and over.
951940	952340	Exactly.
952680	957000	So it mathematically merges two totally different physical realities.
957600	961920	Reality A, you are sitting at a red light and no one is at the crosswalk.
961960	962920	Just an empty string.
962940	967620	Reality B, you are sitting at a red light and a pedestrian just ran up and desperately pushed
967620	967960	the button.
968240	968600	Oh.
969460	969780	Wow.
970000	974700	Because the lazy system instantly wipes the button press out of memory purely because
974700	976360	the light happens to be red right now.
976440	976740	Yes.
976740	979660	It treats the two situations as identical.
979660	982880	It forces gamma equivalents where none should exist.
983580	989740	And by merging those two states, the lazy design commits a very specific mathematical crime.
989740	993080	The text calls it distinction loss.
993400	994340	Distinction loss.
994340	1000140	When you compute the mathematical fiber of that lazy shortcut, the loss is exactly the log
1000140	1001200	base two of two.
1001200	1004280	Which translates to exactly one bit of information.
1004440	1004840	Exactly.
1005200	1008380	One bit of the system's future potential has been destroyed.
1008760	1012660	Because the pedestrian who pushed the button while the light was already red is now trapped?
1012760	1013080	Yes.
1013440	1015300	The system erased their action from history.
1015460	1019300	The light will turn green, the cars will drive away, and the system will have no memory
1019300	1020920	that anyone was ever waiting to cross.
1020980	1024720	Because the engineer merged the two rivers before they actually reached the confluence.
1024720	1030040	The correct design waits to clear the memory until the precise moment it becomes entirely
1030040	1031780	redundant to the future of the system.
1032180	1035560	We can actually walk through this by checking the time horizon step by step.
1036100	1038920	Like from t equals one to t equals four.
1038980	1039500	Let's do it.
1039560	1040560	Let's trace the math.
1040640	1040800	Okay.
1040840	1044080	Let's say the light is currently at phase three, the phase right before red.
1045140	1047100	A pedestrian walks up and presses the button.
1047180	1048580	The memory bit flips to one.
1049000	1050800	The system knows someone is there.
1051020	1052620	So we advance one step in time.
1053140	1053860	T equals one.
1053860	1055940	At t equals one, the light turns red.
1056240	1057400	It enters phase zero.
1057520	1057720	Right.
1057900	1060560	The crosswalk sign lights up, allowing the pedestrian to cross.
1060640	1065220	Because the future, the button was pointing toward the crossing phase, has now safely arrived
1065220	1065780	in the present.
1066120	1068320	So the system clears the bit back to zero.
1068560	1072080	The history of the button press is erased, but it doesn't matter.
1072240	1072600	Exactly.
1072740	1075740	It doesn't matter because the bit became naturally redundant.
1076280	1078720	The river reached the confluence organically.
1078720	1085280	But if we look at the lazy design and the pedestrian presses the button at phase zero when the light
1085280	1089560	is already red, that button press needs to trigger the next red light cycle.
1089740	1090060	Right.
1090280	1094260	The light isn't going to be red again until it cycles all the way through phase one, phase
1094260	1095380	two, and phase three.
1095540	1100940	So that single bit of memory needs to stay alive in the machine's brain for a full four
1100940	1101780	steps of time.
1101780	1108060	But if the lazy software constantly zeroes out the memory during phase zero, it murders
1108060	1109880	the bit at t equals one.
1110000	1112340	It robs the system of the future crossing cycle.
1112660	1117620	Distinction loss is the formal mathematical quantification of a destroyed future.
1117800	1120060	It is the cost of premature convergence.
1120460	1121220	It really is.
1121280	1123060	That is deeply unsettling to me.
1123060	1129460	The idea that a microscopic software shortcut physically deletes a potential event from
1129460	1129980	reality.
1130340	1131160	It is unsettling.
1131200	1133560	But the text doesn't stop at bad code, does it?
1133660	1138360	It argues that this exact same destruction of the future happens in our everyday human
1138360	1138980	observations.
1139100	1141100	Yeah, we do it to ourselves with the labels we use.
1141340	1141920	Explain that.
1142040	1143500	How do words destroy futures?
1143780	1146320	This brings us to the concept of state insufficiency.
1147220	1152180	And to explain this, Flyxion introduces a rather haunting analogy of a doctor's chart at the
1152180	1153100	end of a hospital bed.
1153180	1153900	Okay, picture this.
1154120	1158500	You walk into a hospital room and you see a chart monitoring a patient's vital signs.
1158800	1161960	Heart rate, blood pressure, respiratory rate, pupil dilation.
1162140	1162960	The standard stuff.
1163280	1163520	Right.
1163860	1168400	You could have two patients in two different rooms whose numbers on those charts are perfectly
1168400	1171940	identical, line by line, completely indistinguishable.
1171940	1177420	But one patient is simply taking a deep nap and the other patient is in an irreversible coma.
1177960	1178560	Oh, wow.
1178560	1182200	Now, the critical thing here is that the chart is not broken.
1183000	1184400	The chart is not lying.
1184580	1186460	The sensors are terrifically calibrated, right?
1186520	1186920	Exactly.
1187080	1190960	And the numbers are completely accurate regarding the present physical moment of those bodies.
1191280	1197220	But mathematically, the text defines that chart as an observation map denoted by the
1197220	1198100	Greek letter pi.
1198300	1198580	Right.
1198840	1199380	The pi map.
1199520	1204160	And the tragedy is that this observation map, pi, is structurally insufficient.
1204160	1209440	It is simply not fine-grained enough to capture the massive difference in the possible futures
1209440	1210660	of those two patients.
1211060	1216480	Because the sleeping patient has a continuation space, a tree of futures, that includes waking
1216480	1220940	up in 10 minutes, asking for a glass of water, and walking out of the hospital tomorrow.
1221260	1224920	And the comatose patient's continuation space contains none of those branches.
1225320	1228680	Their topological futures are entirely alien to one another.
1228680	1234280	So the observation map, the chart, is insufficient because it lumps two states together that have
1234280	1235680	totally different destinies.
1235800	1237980	It forces a false gamma equivalence.
1238380	1241960	And if we pull this back to the traffic light, we realize we do this every time we open our
1241960	1242320	mouths.
1242600	1243380	We really do.
1243580	1247120	When you and I are on the phone and I say, hey, I'm going to be late, I'm waiting at a
1247120	1251660	red light, I am using a semantic category, a word.
1251980	1257160	But by using that word, I am literally throwing away the future for the sake of conversation.
1257160	1262300	You are, because waiting at a red light throws away exactly what second of the cycle you
1262300	1262660	are in.
1262760	1262940	Right.
1263120	1264880	It throws away how many cars are ahead of me.
1264980	1268160	It throws away whether a pedestrian just pressed the crosswalk button.
1268360	1274500	The text proves that ordinary semantic categories, the very foundations of human language, are
1274500	1277520	vastly coarser than exact future equivalents.
1277700	1282700	So language itself is just a massive exercise in distinction loss.
1282840	1284580	It is mathematically necessary.
1284800	1286100	I mean, think about it.
1286100	1290780	If we lived in a world where we demanded that two situations must have the exact same
1290780	1295420	mathematical future in order to share a name, human language would instantly collapse.
1295780	1297680	Because nothing is exactly the same.
1297800	1297980	Right.
1298160	1302340	You could never use the phrase red light again because no two red lights in the history of
1302340	1307300	the universe have ever shared the exact same microscopic continuation space of approaching
1307300	1310200	cars, weather conditions, and waiting pedestrians.
1310420	1312100	So meaning itself is a compromise.
1312100	1317100	Meaning is fundamentally a known measurable loss of distinction.
1317780	1318680	That's wild.
1318960	1322820	In order to communicate with each other, we have to voluntarily commit distinction loss.
1323280	1327860	We have to agree to ignore the branches of the future that we just don't care about.
1328040	1330360	But Flyxion tries to soften this a bit, right?
1330360	1333000	By introducing G-equivalence.
1333000	1339440	Yeah, G-equivalence looks for broader structural symmetries instead of demanding exact pixel-perfect
1339440	1339920	matches.
1340740	1343820	But even G-equivalence is often too strict for everyday language.
1343920	1344480	So what do we do?
1344760	1349500	We build categories specifically as trash cans for the futures we find irrelevant.
1349900	1350400	Wow.
1350940	1354060	Words as trash cans for irrelevant futures.
1354400	1356140	I want you to really internalize this.
1356140	1360140	Think about the doctor's charts that you rely on in your own work or your own life.
1360560	1366460	Like a KPI dashboard at the office, a weekly summary report, a credit score, a grade on
1366460	1366980	a test.
1367160	1367640	Exactly.
1368300	1373900	What critical future branching variables are totally invisible on that dashboard?
1374100	1374780	Probably a lot of them.
1375280	1379500	Your project management software might say two different initiatives are both labeled green
1379500	1386280	on track, but one project is cruising on autopilot with a brilliant team, and the other project
1386280	1391180	is a ticking time bomb of technical debt being held together by one stressed-out employee.
1391560	1393660	And the dashboard is completely state-insufficient.
1394080	1398120	It is a semantic compromise that is hiding a collapsed future from you.
1398660	1403260	Acknowledging that your dashboard is insufficient is just the first step to surviving a complex
1403260	1407220	system, but the text introduces a terrifying secondary problem.
1407340	1408240	Oh great, it gets worse.
1408240	1409600	You can have a perfect dashboard.
1409920	1412680	You can have an observation map that loses zero distinction.
1413460	1418720	And it can still be completely, utterly useless to you because it is infected by time or because
1418720	1420560	it's mapping the wrong universe entirely.
1420760	1422380	Ah, the scouting report analogy.
1422800	1425640	This part of the book completely rewired how I think about data.
1425740	1426360	It's so good.
1426620	1432160	A scouting report sent back from the front lines can fail you for two completely distinct mathematical
1432160	1432760	reasons.
1433240	1435660	Reason number one, staleness.
1435820	1436920	Right, staleness.
1436920	1443280	The scout climbed a hill, looked down, and reported the enemy's position with 100% accuracy.
1443480	1444580	But that was three days ago.
1444800	1445200	Exactly.
1445640	1448120	The enemy has marched 20 miles since then.
1448280	1450040	Your perfect map is just old.
1450360	1452280	But reason number two is much more insidious.
1452760	1453280	What is it?
1453560	1455040	The scout's map isn't old.
1455660	1458900	The scout surveyed a completely disconnected region of reality.
1458900	1463480	The book calls this an invariant decomposition or an invariant block.
1463860	1467560	Let's dig into the math of staleness first because it's not just a flat line of error,
1467680	1467840	right?
1467900	1468820	It compounds.
1469220	1470680	Staleness grows exponentially.
1471340	1474400	Flyxion proves this using the Grunewald inequality bound.
1474560	1476240	The Grunewald inequality bound.
1476340	1477360	Okay, spell that out for me.
1477360	1481240	It's an equation that basically states that the distance between your stale observation
1481240	1487780	data and the true currently evolving reality of the system grows at a rate of e to the
1487780	1490360	power of a constant times the elapsed time.
1490360	1495060	Okay, I see the formula on the page, the d0 times e to the l delta t.
1495760	1498100	But physically, what does that actually mean?
1498400	1502500	Why is it exponential and not just a straight line of them walking away?
1502580	1505820	Because the system isn't just moving, it's interacting with itself.
1506000	1506940	Interacting with itself.
1507100	1507320	Right.
1507860	1514100	Every tiny drift in the initial error creates new cascading effects that push the reality
1514100	1516100	further and further from your stale map.
1516100	1521120	The rate at which the error grows is proportional to how much error already exists.
1521280	1521800	It spirals.
1521860	1522660	Oh, that makes sense.
1523120	1524620	It's like my knowledge of pop culture.
1524880	1525900	Your pop culture knowledge?
1526060	1526280	Yeah.
1526840	1530500	My understanding of what teenagers think is cool drifts exponentially.
1531080	1533820	Every week I don't open TikTok or look at social media.
1534180	1535620	My map gets further from reality.
1536060	1540940	And because I don't know the new slang, I misunderstand the context of the slang I do hear.
1541340	1542440	So the error compounds.
1542660	1543080	Exactly.
1543240	1543660	It spirals.
1543660	1546720	But the beauty of staleness is that I can instantly fix it.
1547020	1551280	I just go online, read a new article about pop culture, resample the data, and boom.
1551440	1553100	The Grinwall clock resets to zero.
1553300	1554520	My map is fresh again.
1555000	1556620	Staleness is curable by speed.
1557080	1558360	You just send a faster scout.
1558720	1560000	You pull the system more frequently.
1560940	1563700	But what happens when you encounter an invariant block?
1564460	1565480	That's the real problem.
1565520	1572160	An invariant block is like me trying to understand quantum physics by reading more pop culture articles.
1572160	1574640	That is a phenomenal way to visualize it.
1574780	1577600	It fundamentally does not matter how fresh my data is.
1577700	1581700	It doesn't matter if I refresh my pop culture feed every millisecond.
1581900	1584540	I am looking in a structurally irrelevant universe.
1584840	1586680	I am trapped in a topological wall.
1587180	1593340	An invariant block is a region of a mathematical system that is causally sealed off from the rest of the system.
1593580	1594800	Causally sealed off?
1594860	1595100	Right.
1595320	1597840	Trajectories that start inside the block never leave it.
1598160	1600900	And trajectories that start outside the block can never enter it.
1600900	1603920	So no amount of sampling is going to pierce that wall.
1604340	1611500	The mathematical remedy for staleness, which is resampling the data, does absolutely nothing to reveal a hidden invariant block.
1611640	1613120	They are completely different problems.
1613340	1619800	Infliction rigorously separates these two concepts in the text specifically to warn system designers.
1620220	1621340	You see this all the time in business.
1621720	1622500	Oh, definitely.
1622860	1626560	A company is entirely blind to a massive demographic of the market.
1626960	1628900	They assume their data is just stale.
1628900	1637620	So they spend millions of dollars running faster, more frequent focus groups on the exact same customer base they already have.
1637860	1641140	Trying to fix a map error with a faster stopwatch.
1641240	1641940	It's madness.
1642240	1644620	They are trapped in an invariant decomposition.
1644620	1650900	They don't have the causal pathways, the cultural reach, the product alignment to ever enter the other block.
1651220	1654160	You cannot pull your way out of topological isolation.
1654480	1657140	Up to this point, we've been observing the boundaries of the future.
1657540	1665720	We've talked about charting them with the doctor's map, failing to chart them with the lazy traffic light code, and hitting the invisible walls of invariant block.
1665860	1666060	Right.
1666240	1667520	All passive observation.
1667520	1670480	But what happens when we refuse to just observe?
1670700	1673760	What happens when we actively intervene to change those boundaries?
1674320	1677380	We step into the realm of investment-movable admissibility.
1677700	1679480	Investment-movable admissibility.
1679920	1685340	Throughout the early chapters of the text, constraints and boundaries were treated as hard, fixed lines.
1685920	1687860	A mathematical wall you just bounce off of.
1687920	1689340	Like the invariant block.
1689560	1690120	Exactly.
1690120	1693600	But Flyxion points out that reality is far more pliable.
1694040	1695700	Not all boundaries are absolute.
1695940	1697860	Some boundaries are hard physical limits, sure.
1698260	1705940	If you have a biological species that strictly requires oxygen to survive, a zero-oxygen environment is a hard-excluded set.
1706120	1706320	Right.
1706440	1712780	No amount of corporate budgeting or sheer willpower changes the biological thermodynamics of that species.
1713080	1713860	They will die.
1713940	1716560	But other boundaries are permeable based on effort.
1716560	1721480	The text uses the grand example of terraforming a planet's atmosphere.
1721960	1722400	Terraforming.
1722700	1724340	That is quite a leap from a traffic light.
1724400	1726440	It really is, but it scales perfectly.
1726740	1730260	Terraforming utilizes what the book calls expansive operators.
1730760	1732620	You aren't just navigating the existing future.
1732820	1734640	You are building an investment schedule.
1734960	1737980	You spend vast amounts of effort, energy, and resources.
1738420	1743760	And the boundary of what is viable, what is admissible for your species, physically recedes.
1743880	1744860	The boundary expands.
1744860	1748180	And the math treats this as a one-way ratchet, really.
1748180	1748560	It does.
1748980	1753780	Once you invest the required energy to push the state into viability, the boundary holds.
1754000	1757260	It doesn't instantly collapse back on you just because you stop pushing.
1757740	1762840	So investment physically alters this topological landscape of your possible futures.
1763120	1763480	Exactly.
1763900	1768580	But this introduces perhaps the most dangerous trap in the entire book.
1768640	1768860	Okay.
1769220	1770240	What is the trap?
1770240	1776040	We have to talk about the catastrophic difference between representational loss and operational loss.
1776720	1778400	Representational versus operational.
1778800	1784840	Because when you start intervening in a system, changing the boundaries, it can look mathematically
1784840	1791220	identical on a stride sheet to just relabeling the system, even though the real-world consequences
1791220	1792360	are complete opposites.
1792360	1797340	To see this trap clearly, we need to return to our intersection with the lazy traffic light
1797340	1797780	engineer.
1797980	1798600	Let's do it.
1798800	1803980	So earlier we talked about the lazy engineer writing software that just clears the crosswalk
1803980	1805500	memory whenever the light is red.
1805560	1805780	Right.
1805880	1806560	The bad software.
1806560	1808460	Its software label is just too coarse.
1808720	1812720	It forces two different physical realities to share the same name in the code.
1813200	1814940	That is representational loss.
1815140	1817300	Because the physics of the intersection are totally fine.
1817300	1817700	Exactly.
1818180	1820500	The pedestrian is still physically pushing the button.
1820640	1822880	The electrical circuit in the button is still closing.
1823260	1824700	The software just ignores it.
1824860	1826540	Contrast that with operational loss.
1826640	1826880	Okay.
1827080	1832520	Imagine a disgruntled city worker drives out to the intersection in a bucket truck, takes
1832520	1837340	out a pair of wire cutters, and physically severs the electrical wire connecting the button
1837340	1837800	to the pole.
1837840	1839040	They unwire the button.
1839160	1839460	Yes.
1839960	1845840	If you look at the system's output on a diagnostic screen back at City Hall, both the lazy software
1845840	1848900	and the cut wire look mathematically identical.
1849360	1849640	Wait.
1849880	1850160	Really?
1850740	1851340	Identical?
1851520	1855520	Both actions result in a distinction loss of exactly one bit.
1855740	1855960	Yeah.
1856160	1860820	In both scenarios, the log count of distinct futures is reduced by the same amount.
1861320	1864280	The screen says, button press equals zero.
1864580	1866340	But the reality is completely different.
1866500	1867160	Radically different.
1867620	1869480	Representational loss can be fixed for free.
1869820	1874200	You just hire a better engineer, rewrite the software label to be more precise, and boom,
1874200	1877800	the system remembers the button press again because the physical data was always there.
1878060	1880500	The continuation space was just hidden behind a bad label.
1880680	1882220	But the operational loss.
1882760	1885640	The worker who cut the wire intervened in the physical system.
1886240	1890020	They applied an operator that forced the states to a common target in reality.
1890420	1893260	The history of the button press isn't hidden behind a bad label.
1893720	1896680	It is physically erased from the universe of that intersection.
1896820	1897900	The data is gone.
1898080	1899200	The current cannot flow.
1899340	1902760	You cannot fix a severed wire with a software update.
1902760	1906320	And Flyxion issues a dire warning about this, doesn't he?
1906400	1906760	He does.
1907240	1912600	Mistaking operational loss for representational loss is a catastrophic failure of management.
1913120	1915380	You see, organizations do this constantly.
1915620	1919500	Like when a department loses the ability to perform a certain function,
1920080	1922740	they lose the physical capability or the talent.
1923300	1925220	The future collapses operationally.
1925440	1928400	But management assumes it's just a representational error.
1928400	1932560	They think they can just update the database schema, redesign the org chart,
1932760	1935760	or invent a new KPI label to recover the lost productivity.
1935960	1940920	Completely unaware that the physical mechanism required to generate those futures has been destroyed.
1941140	1943040	You can't chart your way out of a severed wire.
1943160	1946960	Which brings us incredibly to the grand finale of this text.
1947380	1950420	Scaling this microscopic geometry up to the infinite.
1950600	1951480	The really big data.
1951480	1956440	How does all of this, the one-bit traffic lights, the ferns, the doctor's charts,
1956980	1961940	apply to the massive, messy, infinite real world of big data and artificial intelligence?
1962600	1964860	We look at Chapter 10's Graphing the Infinite.
1965040	1967340	We enter the world of RDF triple stores.
1967700	1969820	Okay, what is an RDF triple store?
1970120	1974660	To understand this, you have to abandon the idea of a relational database.
1975300	1977780	Most people think of data like an Excel spreadsheet.
1977980	1979060	Right, columns and rows.
1979060	1982120	You have entities as the rows and properties as the columns.
1983080	1984720	It is a neat, rigid grid.
1985320	1987760	But a graph database works entirely differently.
1988240	1989900	It is built entirely out of relations.
1990040	1991020	So no rows and columns?
1991380	1991640	None.
1992360	1995900	A single fact in this database, like Paris is the capital of France,
1996100	1997460	is not a row and a table.
1997920	2001140	It is an edge, a literal line, connecting two independent nodes.
2001340	2004080	And when you build an entire database out of relational edges,
2004420	2006960	it stops behaving like a static filing cabinet.
2006960	2010180	And it starts behaving exactly like the branching cobological features
2010180	2011660	we've been talking about this whole time.
2011780	2015380	It becomes a massive geometric space defined by reachability closure.
2015580	2016620	Reachability closure.
2017040	2020380	In a graph network, neighborhoods don't grow linearly.
2021180	2021960	They grow combinatorially.
2022700	2023880	What does that mean in practice?
2023880	2028880	If you want to query everything connected to a specific node within a T-step radius,
2029440	2032620	say everything that is four hops away from Paris,
2033100	2038560	that neighborhood expands at a terrifying exponential rate.
2038660	2042340	The text drops a statistic here that absolutely broke my brain.
2042480	2043160	The storage one.
2043260	2043520	Yes.
2043800	2049700	It proves that, structurally, a T-step neighborhood can actually contain more volumetric data
2049700	2053040	than the total edge storage of the entire physical network.
2053040	2055540	Which just sounds impossible when you first hear it.
2055880	2058180	Let me say that again, because it really does sound impossible.
2058740	2061600	The volume of the possible pathways you can take through the data
2061600	2065040	exceeds the physical hard drive space holding the data itself.
2065320	2068380	Because the network isn't storing every completed pathway.
2068680	2072260	It is storing the combinatorial rules to generate them on the fly.
2072460	2075000	Just like the Hutchinson operators generating the FERN.
2075040	2075380	Exactly.
2075520	2078020	But with one critical, terrifying difference.
2078120	2080680	The FERN is governed by contractions.
2080680	2081600	It converges.
2082000	2084160	The graph database is governed by accumulation.
2084740	2086900	It grows outward without a limit shape.
2087300	2090100	It is spilling water on the floor, but the water is multiplying.
2090940	2096160	And in a space that massive and explosive, context becomes a matter of pure survival.
2096520	2096960	Oh, so.
2097240	2099980	The book introduces context coordinates to manage this.
2100560	2101520	Let's look at a simple example.
2101520	2105200	A database holds employment records for a woman named Alice.
2105720	2108740	In 2024, Alice worked at Acme Corp.
2109500	2112120	In 2026, Alice worked at Beta Corp.
2112280	2112500	Okay.
2112840	2114340	Two different jobs, two different times.
2114460	2117420	If your database schema is poorly designed and you drop the year,
2118020	2120720	if you fail to include the context coordinate,
2121900	2124300	the system collapses those two facts.
2124400	2126080	It suffers representational loss.
2126420	2129520	The system now believes that Alice works both jobs simultaneously.
2129520	2129960	Exactly.
2130460	2133840	And if the database physically isn't built to hold a context tag,
2134040	2137940	if there is no column for year, it crosses over into operational loss.
2138140	2139320	The past is erased.
2139600	2145020	The chronological geometry of Alice's life is permanently collapsed into a flat, contradictory state.
2145260	2150480	This maps perfectly onto the cutting edge of how modern artificial intelligence and graph embeddings operate.
2150540	2152020	Oh, this is the AI connection.
2152400	2152740	Yes.
2152740	2158080	When an AI model looks at one of these massive combinatorial graph databases,
2158620	2163520	it does not attempt to compute the literal exact equality of futures.
2163840	2166200	Because it knows what we learned from the doctor's chart.
2166640	2169680	Demanding exact gamma equivalents destroys meaning.
2170160	2175280	And the compute required to find perfect matches in an infinite graph would literally break the machine.
2175420	2176960	So what does the AI do instead?
2176960	2178880	It computes a distance metric.
2179460	2180780	It uses D gamma.
2181060	2182380	The distance between futures.
2182620	2182840	Right.
2183160	2187980	The algorithm aggregates the massive T-hop neighborhoods of data and simply asks,
2188380	2192840	how structurally similar are these two sprawling forests of information?
2193060	2197860	It looks for the G equivalents we talked about earlier and measures the topological distance between histories.
2198360	2203400	I want to connect this directly to how recommendation algorithms work for you, the listener.
2203620	2204760	Yeah, bring it home for us.
2204760	2208660	Think about the algorithm suggesting your next YouTube video or your next Amazon purchase.
2209080	2210700	That AI does not care about your name.
2211140	2214780	It doesn't care about your representational label or your semantic category.
2214860	2218100	It cares exclusively about your T-hop neighborhood of clicks.
2218520	2223720	It looks at the massive branching, combinatorial geometry of your past behavior,
2224120	2227560	your watch history, the time you spent hovering over a thumbnail.
2228080	2230340	It maps that chaotic fern of your life.
2230340	2237560	And it scours the database to find another user whose branching geometry looks structurally similar to yours.
2237720	2241460	The algorithm is applying continuation geometry at a planetary scale.
2241720	2247740	It is predicting your future by finding the confluence where your river merges with someone else's.
2247920	2250220	Which brings us to Flyxion's closing thoughts.
2250720	2254660	The profound mathematical irony that ties this entire journey together.
2254780	2255620	The title of the book, right?
2255620	2258220	The book is titled Generative Continuation Geometry.
2258840	2265400	But by the end, the author admits that there are actually four central threads running through the math, not just two.
2265600	2268380	It's not simply a binary of generation and collapse.
2268620	2277940	No, it is a highly intricate web of generation, quotienting, which is the merging of river state sufficiency and the irreversible dynamics of time and intervention.
2277940	2279180	It's unbelievable.
2279780	2294480	A book named after how futures are generated spends almost all of its massive page count rigorously, obsessively proving how futures are lost, mislabeled, confined by invariant blocks, and poisoned by staleness.
2295200	2296180	But it has to.
2296760	2304500	A theory of generation that has nothing to say about loss wouldn't be able to tell a brilliant architectural design from a lazy traffic light engineer.
2304500	2311260	And a theory of loss that has no generation would have no baseline, no fern, to measure what was actually lost.
2311620	2314380	Generation and collapse are locked in a mathematical dance.
2314920	2318840	You cannot define the shape of the future without defining the empty space around it.
2318960	2322700	Let's take a deep breath and recap the sheer scale of the journey we just went on.
2322780	2323640	It was a long one.
2323800	2330540	We started with the Bannock fixed point theorem, watching mathematical rules contract to grow infinitely detailed ferns.
2330540	2338880	We watched two rivers collide in a valley to prove that once futures merge, the history of where you came from becomes completely mathematically irrelevant.
2339220	2343740	We stood at the foot of a hospital bed and realized that our everyday words are semantic compromises.
2344440	2347600	We literally destroy the future just so we can speak to each other.
2347960	2353520	We learned that you can never fix a structural blind spot by checking your stale watch faster.
2353520	2362260	We watched a city worker physically unwire a crosswalk button to prove that erased history cannot be fixed by better database labels.
2362760	2369800	And we watched simple facts explode into combinatorial universes that AI uses to map the geometry of our behaviors.
2370020	2375600	It is a profound, demanding framework for seeing the invisible architecture of consequences.
2375840	2381960	It forces you to realize that every label, every rule, and every intervention carries a topological weight.
2381960	2382860	It really does.
2383160	2386980	And I want to leave you, the listener, with a final reflection to chew on.
2387100	2388000	A takeaway for them.
2388120	2388340	Yeah.
2388560	2396100	We spent a massive amount of time today talking about how futures are lost, constrained, or erased by bad maps and lazy code.
2396240	2396980	Too much time, maybe.
2397440	2401280	But I want you to go back to the concept of investment-movable admissibility.
2401580	2402400	The terraforming.
2402740	2408040	Think about a boundary in your own life that you have always inherently treated as a hard, excluded set.
2408260	2410180	A permanent, topological wall.
2410180	2412360	A trait you genuinely thought you lacked.
2412760	2416100	A career path you assumed was structurally closed off to you.
2416520	2419340	A relationship you decided was an invariant block.
2419500	2421180	What if it isn't an invariant block at all?
2421540	2425860	What if it's just a boundary waiting for the right expansive investment operator?
2426080	2433800	The rigorous math we explored today, the very geometry of the universe, says that the boundary can recede.
2433920	2439320	It says that you can terraform the atmosphere of your own potential and expand your universe of futures.
2439320	2441660	But it only happens if you invest the energy.
2442140	2443880	The wall only moves if you push on it.
2444120	2446560	The future doesn't generate itself without the operator.
2446760	2447140	Exactly.
2447420	2448940	Keep pushing on those boundaries.
2449340	2450600	Keep generating your future.
2451100	2452900	We'll catch you on the next Deep Dive.
